{
    "knots": [
        0.0,
        1.0,
        2.0,
        3.0,
        4.0,
        5.0,
        6.0,
        7.0,
        8.0,
        9.0,
        10.0,
        11.0,
        12.0,
        13.0,
        14.0,
        15.0,
        16.0,
        17.0,
        18.0,
        19.0,
        20.0,
        21.0,
        22.0,
        23.0,
        24.0
    ],
    "parent": "|controlShapes|arrowCross",
    "form": 0,
    "overrideColorRGB": [
        0.0,
        0.0,
        0.0
    ],
    "overrideColor": 0,
    "shape": "arrowCrossShape",
    "overrideEnabled": false,
    "pivot": [
        0.0,
        0.0,
        0.0
    ],
    "degree": 1,
    "overrideRGBColors": false,
    "name": "arrowCross",
    "cvs": [
        [
            -0.19950821201303842,
            0.0,
            0.19950821201303842
        ],
        [
            -0.19950821201303842,
            0.0,
            0.5985246360391154
        ],
        [
            -0.39901642402607684,
            0.0,
            0.5985246360391154
        ],
        [
            0.0,
            0.0,
            0.9975410600651918
        ],
        [
            0.39901642402607684,
            0.0,
            0.5985246360391154
        ],
        [
            0.19950821201303842,
            0.0,
            0.5985246360391154
        ],
        [
            0.19950821201303842,
            0.0,
            0.19950821201303842
        ],
        [
            0.5985246360391154,
            0.0,
            0.19950821201303842
        ],
        [
            0.5985246360391154,
            0.0,
            0.39901642402607684
        ],
        [
            0.9975410600651918,
            0.0,
            0.0
        ],
        [
            0.5985246360391154,
            0.0,
            -0.39901642402607684
        ],
        [
            0.5985246360391154,
            0.0,
            -0.19950821201303842
        ],
        [
            0.19950821201303842,
            0.0,
            -0.19950821201303842
        ],
        [
            0.19950821201303842,
            0.0,
            -0.5985246360391154
        ],
        [
            0.39901642402607684,
            0.0,
            -0.5985246360391154
        ],
        [
            0.0,
            0.0,
            -0.9975410600651918
        ],
        [
            -0.39901642402607684,
            0.0,
            -0.5985246360391154
        ],
        [
            -0.19950821201303842,
            0.0,
            -0.5985246360391154
        ],
        [
            -0.19950821201303842,
            0.0,
            -0.19950821201303842
        ],
        [
            -0.5985246360391154,
            0.0,
            -0.19950821201303842
        ],
        [
            -0.5985246360391154,
            0.0,
            -0.39901642402607684
        ],
        [
            -0.9975410600651918,
            0.0,
            0.0
        ],
        [
            -0.5985246360391154,
            0.0,
            0.39901642402607684
        ],
        [
            -0.5985246360391154,
            0.0,
            0.19950821201303842
        ],
        [
            -0.19950821201303842,
            0.0,
            0.19950821201303842
        ]
    ],
    "xform": [
        1.0,
        0.0,
        0.0,
        0.0,
        0.0,
        1.0,
        0.0,
        0.0,
        0.0,
        0.0,
        1.0,
        0.0,
        0.0,
        0.0,
        0.0,
        1.0
    ]
}