{
    "knots": [
        -0.125,
        -0.0625,
        0.0,
        0.0625,
        0.125,
        0.1875,
        0.25,
        0.3125,
        0.375,
        0.43750000000000006,
        0.5,
        0.5625,
        0.625,
        0.6875,
        0.75,
        0.8125,
        0.8750000000000001,
        0.9375,
        1.0,
        1.0625,
        1.125
    ],
    "parent": "|controlShapes|eyeglasses",
    "form": 2,
    "overrideColorRGB": [
        0.0,
        0.0,
        0.0
    ],
    "overrideColor": 0,
    "shape": "eyeglassesShape",
    "overrideEnabled": false,
    "pivot": [
        0.0,
        0.0,
        0.0
    ],
    "degree": 3,
    "overrideRGBColors": false,
    "name": "eyeglasses",
    "cvs": [
        [
            0.7506948682061766,
            0.42669482694761024,
            -6.45253538991864e-17
        ],
        [
            4.856487616566621e-16,
            0.37562356410342757,
            -5.1610810406239267e-17
        ],
        [
            -0.7506948682061806,
            0.42669482694761024,
            -6.45253538991864e-17
        ],
        [
            -0.9185016423689285,
            0.2760501897018812,
            -6.45253538991864e-17
        ],
        [
            -1.0221967040211715,
            0.11328638446458081,
            -2.5781723420345083e-17
        ],
        [
            -0.959407939608245,
            -0.21657236369084418,
            5.170553753733762e-17
        ],
        [
            -0.5978256482683839,
            -0.42669482694761024,
            6.462008103028475e-17
        ],
        [
            -0.26742319729264713,
            -0.31846710402579287,
            4.7363565549152926e-20
        ],
        [
            -0.09993794330466725,
            0.0172964422829764,
            -1.932445167387153e-17
        ],
        [
            3.39197699830371e-15,
            0.1803604923359629,
            -5.806808215271286e-17
        ],
        [
            0.09993794330467154,
            0.017296442282974642,
            -1.5288656832325546e-17
        ],
        [
            0.26742319729265435,
            -0.3184671040257932,
            3.879099404439049e-17
        ],
        [
            0.597825648268387,
            -0.42669482694760835,
            9.044916801617903e-17
        ],
        [
            0.9594079396082503,
            -0.21657236369084007,
            8.399189626970538e-17
        ],
        [
            1.0221967040211715,
            0.11328638446458197,
            -6.409908180924403e-18
        ],
        [
            0.9185016423689271,
            0.27605018970188056,
            -2.5781723420345083e-17
        ]
    ],
    "xform": [
        1.0,
        0.0,
        0.0,
        0.0,
        0.0,
        1.0,
        0.0,
        0.0,
        0.0,
        0.0,
        1.0,
        0.0,
        3.0,
        0.0,
        -3.0,
        1.0
    ]
}