{
    "knots": [
        -2.0,
        -1.0,
        0.0,
        1.0,
        2.0,
        3.0,
        4.0,
        5.0,
        6.0,
        7.0,
        8.0,
        9.0,
        10.0
    ],
    "parent": "|controlShapes|eyelens",
    "form": 2,
    "overrideColorRGB": [
        0.0,
        0.0,
        0.0
    ],
    "overrideColor": 0,
    "shape": "eyelensShape",
    "overrideEnabled": false,
    "pivot": [
        0.0,
        0.0,
        0.0
    ],
    "degree": 3,
    "overrideRGBColors": false,
    "name": "eyelens",
    "cvs": [
        [
            0.3778192243995002,
            0.3088879004616223,
            -9.685907619710335e-17
        ],
        [
            -0.056037367622861434,
            0.36167578654462856,
            -7.102998921120904e-17
        ],
        [
            -0.4707254124483028,
            0.32823107882535657,
            -7.102998921120904e-17
        ],
        [
            -0.4081054638480731,
            0.012332244336174907,
            -2.01789742077298e-17
        ],
        [
            -0.19079707784699113,
            -0.31099321139205394,
            4.520090222531493e-17
        ],
        [
            0.03778490692609415,
            -0.36167578654462856,
            3.228635873236783e-17
        ],
        [
            0.2760778345697795,
            -0.28786681842782685,
            9.685907619710334e-17
        ],
        [
            0.4707254124483028,
            -0.02000997081733139,
            -1.6950338334493018e-17
        ]
    ],
    "xform": [
        1.0,
        0.0,
        0.0,
        0.0,
        0.0,
        1.0,
        0.0,
        0.0,
        0.0,
        0.0,
        1.0,
        0.0,
        0.0,
        0.0,
        -3.0,
        1.0
    ]
}