{
    "knots": [
        0.0,
        0.125,
        0.25,
        0.375,
        0.5,
        0.625,
        0.75,
        0.8750000000000001,
        1.0
    ],
    "parent": "|controlShapes|eyeLid",
    "form": 0,
    "overrideColorRGB": [
        0.0,
        0.0,
        0.0
    ],
    "overrideColor": 0,
    "shape": "eyeLidShape",
    "overrideEnabled": false,
    "pivot": [
        0.0,
        0.0,
        0.0
    ],
    "degree": 1,
    "overrideRGBColors": false,
    "name": "eyeLid",
    "cvs": [
        [
            -0.9972070553703657,
            1.0640251060402168e-15,
            0.09902497085182527
        ],
        [
            -0.4507756094242335,
            -6.191990614679038e-16,
            -0.27019031599087195
        ],
        [
            0.462772333644352,
            -6.191990614679038e-16,
            -0.27019031599087195
        ],
        [
            0.9972070553702671,
            1.0640251060256751e-15,
            0.09902497085179039
        ],
        [
            0.9972070553703657,
            6.191990614453394e-16,
            0.27019031599082516
        ],
        [
            0.46277233364455417,
            -1.0640251060641534e-15,
            -0.09902497085186127
        ],
        [
            -0.45077560942399403,
            -1.0640251060624291e-15,
            -0.0990249708518717
        ],
        [
            -0.997207055370365,
            6.191990614667184e-16,
            0.27019031599087207
        ],
        [
            -0.9972070553703657,
            1.0640251060402168e-15,
            0.09902497085182527
        ]
    ],
    "xform": [
        1.0,
        0.0,
        0.0,
        0.0,
        0.0,
        1.0,
        0.0,
        0.0,
        0.0,
        0.0,
        1.0,
        0.0,
        6.0,
        0.0,
        -3.0,
        1.0
    ]
}
