{
    "knots": [
        0.0,
        0.0,
        0.0,
        1.0,
        2.0,
        3.0,
        4.0,
        5.0,
        6.0,
        7.0,
        8.0,
        9.0,
        10.0,
        11.0,
        12.0,
        13.0,
        14.0,
        15.0,
        16.0,
        17.0,
        18.0,
        19.0,
        20.0,
        21.0,
        22.0,
        23.0,
        24.0,
        25.0,
        26.0,
        27.0,
        28.0,
        29.0,
        30.0,
        31.0,
        32.0,
        33.0,
        34.0,
        35.0,
        36.0,
        37.0,
        38.0,
        39.0,
        40.0,
        41.0,
        42.0,
        43.0,
        44.0,
        45.0,
        46.0,
        47.0,
        48.0,
        49.0,
        50.0,
        51.0,
        52.0,
        53.0,
        54.0,
        55.0,
        56.0,
        57.0,
        58.0,
        59.0,
        59.0,
        59.0
    ],
    "parent": "|controlShapes|foot",
    "form": 0,
    "overrideColorRGB": [
        0.0,
        0.0,
        0.0
    ],
    "overrideColor": 0,
    "shape": "footShape",
    "overrideEnabled": false,
    "pivot": [
        0.0,
        0.0,
        0.0
    ],
    "degree": 3,
    "overrideRGBColors": false,
    "name": "foot",
    "cvs": [
        [
            -0.2580278847902855,
            0.0,
            -0.9961288058069443
        ],
        [
            -0.37945343651546143,
            0.0,
            -0.9961288058069443
        ],
        [
            -0.49365755867080896,
            0.0,
            -0.7504964851305888
        ],
        [
            -0.4823630306644288,
            0.0,
            -0.42305557053017223
        ],
        [
            -0.30515034623616577,
            0.0,
            -0.05833170582140024
        ],
        [
            -0.4560822272987916,
            0.0,
            0.2838761981905267
        ],
        [
            -0.44077797783221573,
            0.0,
            0.48019614346654027
        ],
        [
            -0.39541311215029046,
            0.0,
            0.5725718742169038
        ],
        [
            -0.45553776031475773,
            0.0,
            0.8443348678883401
        ],
        [
            -0.3517342802228922,
            0.0,
            0.9961288058069464
        ],
        [
            -0.2618640385132997,
            0.0,
            0.9955424679147695
        ],
        [
            -0.182208835992841,
            0.0,
            0.8764729361842151
        ],
        [
            -0.18091605710444036,
            0.0,
            0.7530187986323134
        ],
        [
            -0.19144428242366976,
            0.0,
            0.6401329207676522
        ],
        [
            -0.1646704127074472,
            0.0,
            0.5630232416559794
        ],
        [
            -0.13731322082192793,
            0.0,
            0.6682741177655716
        ],
        [
            -0.14668877983595377,
            0.0,
            0.8042197234689396
        ],
        [
            -0.14668877983595377,
            0.0,
            0.9307897701582818
        ],
        [
            -0.0857476462447882,
            0.0,
            0.9729797857213969
        ],
        [
            -0.02011873314661023,
            0.0,
            0.9729797857213969
        ],
        [
            0.01738350290949096,
            0.0,
            0.8510975185390671
        ],
        [
            0.0033201643884532327,
            0.0,
            0.762029707905826
        ],
        [
            -0.015430953639597735,
            0.0,
            0.6588985587515462
        ],
        [
            -0.010743174132585125,
            0.0,
            0.597957425160381
        ],
        [
            0.019156281270014192,
            0.0,
            0.5829711498011236
        ],
        [
            0.03321961979105257,
            0.0,
            0.6532878424063141
        ],
        [
            0.03321961979105257,
            0.0,
            0.7845456686026696
        ],
        [
            0.05665851732611605,
            0.0,
            0.9017401562779871
        ],
        [
            0.15041410746636993,
            0.0,
            0.8970523767709746
        ],
        [
            0.21135524105753567,
            0.0,
            0.8173601251517596
        ],
        [
            0.21135524105753567,
            0.0,
            0.686102298955403
        ],
        [
            0.16447744598740843,
            0.0,
            0.5876589293081365
        ],
        [
            0.13166298943831917,
            0.0,
            0.5173422367029459
        ],
        [
            0.15388193301922376,
            0.0,
            0.4556409821907848
        ],
        [
            0.2010981178022204,
            0.0,
            0.49058021998209533
        ],
        [
            0.21093961181486345,
            0.0,
            0.6244565505817233
        ],
        [
            0.22850348852863508,
            0.0,
            0.7026121072174687
        ],
        [
            0.2962238603082088,
            0.0,
            0.7261952790848492
        ],
        [
            0.3537365553593778,
            0.0,
            0.6868401515909804
        ],
        [
            0.38660652288740627,
            0.0,
            0.6204068435949268
        ],
        [
            0.3610429142965089,
            0.0,
            0.5316774275150142
        ],
        [
            0.3295488440917656,
            0.0,
            0.4515912752039876
        ],
        [
            0.31069790359447297,
            0.0,
            0.3827225142288915
        ],
        [
            0.3689158181155236,
            0.0,
            0.37458750646455574
        ],
        [
            0.3797190541182443,
            0.0,
            0.46629190905211015
        ],
        [
            0.40673277813409914,
            0.0,
            0.5532110555797679
        ],
        [
            0.4729643615594507,
            0.0,
            0.5295929562509983
        ],
        [
            0.49133775037675076,
            0.0,
            0.486211836732117
        ],
        [
            0.49365755867080896,
            0.0,
            0.3838554716226788
        ],
        [
            0.4796099714618394,
            0.0,
            0.35004486422359665
        ],
        [
            0.4700394593420395,
            0.0,
            0.31762388819732684
        ],
        [
            0.4444153666989977,
            0.0,
            0.22622766658050197
        ],
        [
            0.4064692019915458,
            0.0,
            0.08698945889599678
        ],
        [
            0.4064692019915458,
            0.0,
            -0.025517249272308366
        ],
        [
            0.35959140692141883,
            0.0,
            -0.1661506344826897
        ],
        [
            0.30333805283726684,
            0.0,
            -0.30678401969307045
        ],
        [
            0.24708469875311367,
            0.0,
            -0.4427296253964392
        ],
        [
            0.20489468318999918,
            0.0,
            -0.6630552622260362
        ],
        [
            0.12520243157078334,
            0.0,
            -0.8224397654644685
        ],
        [
            -0.011739206286720073,
            0.0,
            -0.9774288704595515
        ],
        [
            -0.1366023330651096,
            0.0,
            -0.9961288058069443
        ],
        [
            -0.2580278847902855,
            0.0,
            -0.9961288058069443
        ]
    ],
    "xform": [
        1.0,
        0.0,
        0.0,
        0.0,
        0.0,
        1.0,
        0.0,
        0.0,
        0.0,
        0.0,
        1.0,
        0.0,
        6.000000000000005,
        0.0,
        -6.000000000000002,
        1.0
    ]
}
