{
    "knots": [
        0.0, 
        0.0, 
        0.0, 
        1.0, 
        2.0, 
        3.0, 
        4.0, 
        5.0, 
        6.0, 
        7.0, 
        8.0, 
        9.0, 
        10.0, 
        11.0, 
        12.0, 
        13.0, 
        14.0, 
        15.0, 
        16.0, 
        17.0, 
        18.0, 
        19.0, 
        20.0, 
        21.0, 
        22.0, 
        23.0, 
        24.0, 
        25.0, 
        26.0, 
        27.0, 
        28.0, 
        29.0, 
        30.0, 
        31.0, 
        32.0, 
        33.0, 
        34.0, 
        35.0, 
        36.0, 
        37.0, 
        38.0, 
        39.0, 
        40.0, 
        41.0, 
        42.0, 
        43.0, 
        44.0, 
        45.0, 
        46.0, 
        47.0, 
        48.0, 
        49.0, 
        50.0, 
        51.0, 
        52.0, 
        53.0, 
        54.0, 
        55.0, 
        56.0, 
        57.0, 
        58.0, 
        59.0, 
        60.0, 
        61.0, 
        62.0, 
        63.0, 
        64.0, 
        65.0, 
        66.0, 
        67.0, 
        68.0, 
        68.0, 
        68.0
    ], 
    "form": 0, 
    "overrideColorRGB": [
        0.0, 
        0.0, 
        0.0
    ], 
    "overrideColor": 0, 
    "shape": "handShape", 
    "overrideEnabled": false, 
    "pivot": [
        0.0, 
        0.0, 
        0.0
    ], 
    "degree": 3, 
    "overrideRGBColors": false, 
    "name": "hand", 
    "cvs": [
        [
            0.15950135342830415, 
            -0.023286717575735527, 
            -0.3692924754575954
        ], 
        [
            -0.02950339543343372, 
            0.0, 
            -0.37163456667151257
        ], 
        [
            -0.11291215805660454, 
            0.0, 
            -0.3325753557122448
        ], 
        [
            -0.16180694993915257, 
            0.0, 
            -0.26642357845938563
        ], 
        [
            -0.21357790605008609, 
            0.0, 
            -0.21465262234845184
        ], 
        [
            -0.2969866686732569, 
            0.0, 
            -0.16575783046590342
        ], 
        [
            -0.3430052963274198, 
            0.0, 
            -0.13699618818205178
        ], 
        [
            -0.3487576247841901, 
            0.0, 
            -0.09097756052788869
        ], 
        [
            -0.29986283290164223, 
            0.0, 
            -0.07659673938596262
        ], 
        [
            -0.24809187679070802, 
            0.0, 
            -0.1024822174414296
        ], 
        [
            -0.19056859222300498, 
            0.0, 
            -0.15425317355236295
        ], 
        [
            -0.13592147188368572, 
            0.0, 
            -0.18589098006459986
        ], 
        [
            -0.10140750114306374, 
            0.0, 
            -0.16575783046590342
        ], 
        [
            -0.09853133691467852, 
            0.0, 
            -0.08810139629950348
        ], 
        [
            -0.10715982959983417, 
            0.0, 
            -0.004692633676332991
        ], 
        [
            -0.12154065074176029, 
            0.0, 
            0.1276109208293859
        ], 
        [
            -0.12441681497014478, 
            0.0, 
            0.21964817613771198
        ], 
        [
            -0.11578832228498981, 
            0.0, 
            0.291552281847342
        ], 
        [
            -0.08702668000113756, 
            0.0, 
            0.31168543144603805
        ], 
        [
            -0.0611412019456713, 
            0.0, 
            0.26566680379187524
        ], 
        [
            -0.046760380803745116, 
            0.0, 
            0.1937626980822454
        ], 
        [
            -0.035255723890204205, 
            0.0, 
            0.11898242814423032
        ], 
        [
            -0.017998738519892865, 
            0.0, 
            0.04132599397783024
        ], 
        [
            -0.012246410063122382, 
            0.0, 
            0.024069008607518927
        ], 
        [
            0.002134411078802967, 
            0.0, 
            0.03844982974944505
        ], 
        [
            0.002134411078802967, 
            0.0, 
            0.1103539354590749
        ], 
        [
            -0.0007417531495815255, 
            0.0, 
            0.20814351922417118
        ], 
        [
            -0.003617917377967461, 
            0.0, 
            0.2886761176189568
        ], 
        [
            0.01076290376395872, 
            0.0, 
            0.3461994021866605
        ], 
        [
            0.03952454604781097, 
            0.0, 
            0.37496104447051243
        ], 
        [
            0.07403851678843298, 
            0.0, 
            0.33469474527312
        ], 
        [
            0.07691468101681809, 
            0.0, 
            0.280047624933801
        ], 
        [
            0.07116235256004766, 
            0.0, 
            0.1937626980822454
        ], 
        [
            0.07403851678843298, 
            0.0, 
            0.10747777123068974
        ], 
        [
            0.07691468101681809, 
            0.0, 
            0.04420215820621548
        ], 
        [
            0.08554317370197378, 
            0.0, 
            0.018316680150748832
        ], 
        [
            0.09642987358514393, 
            0.0, 
            0.03321620011618076
        ], 
        [
            0.12166264870504839, 
            0.0, 
            0.1074302445864887
        ], 
        [
            0.13947401937792214, 
            0.0, 
            0.190549974393233
        ], 
        [
            0.16025395182960855, 
            0.0, 
            0.2766382659787899
        ], 
        [
            0.17212819894485787, 
            0.0, 
            0.3196824117715686
        ], 
        [
            0.19736097406476227, 
            0.0, 
            0.32858809710800546
        ], 
        [
            0.230015153631698, 
            0.0, 
            0.3181981308821621
        ], 
        [
            0.2418894007469472, 
            0.0, 
            0.3003867602092884
        ], 
        [
            0.23298371541050988, 
            0.0, 
            0.25585833352710374
        ], 
        [
            0.21071950206941803, 
            0.0, 
            0.17273860372035926
        ], 
        [
            0.19884525495416816, 
            0.0, 
            0.09110315480302084
        ], 
        [
            0.18697100783891907, 
            0.0, 
            0.003530582328057752
        ], 
        [
            0.18548672694951307, 
            0.0, 
            -0.014280788344816081
        ], 
        [
            0.19884525495416816, 
            0.0, 
            0.006499144106870025
        ], 
        [
            0.23743655807872865, 
            0.0, 
            0.08665031213480218
        ], 
        [
            0.2656378949774456, 
            0.0, 
            0.1519586712686732
        ], 
        [
            0.28344926565031936, 
            0.0, 
            0.21281418773432537
        ], 
        [
            0.29680779365497456, 
            0.0, 
            0.23953124374363582
        ], 
        [
            0.32946197322190995, 
            0.0, 
            0.23656268196482355
        ], 
        [
            0.34875762478419015, 
            0.0, 
            0.21281418773432537
        ], 
        [
            0.3443047821159714, 
            0.0, 
            0.18609713172501452
        ], 
        [
            0.32055628788547297, 
            0.0, 
            0.12524161525936262
        ], 
        [
            0.2997763554337871, 
            0.0, 
            0.056964694346679556
        ], 
        [
            0.27602786120328904, 
            0.0, 
            -0.01576506923422208
        ], 
        [
            0.2552479287516022, 
            0.0, 
            -0.08552627103631127
        ], 
        [
            0.2448579625257591, 
            0.0, 
