{
    "knots": [
        -2.0,
        -1.0,
        0.0,
        1.0,
        2.0,
        3.0,
        4.0,
        5.0,
        6.0,
        7.0,
        8.0,
        9.0,
        10.0,
        11.0,
        12.0,
        13.0,
        14.0,
        15.0,
        16.0,
        17.0,
        18.0
    ],
    "parent": "|controlShapes|teardrop",
    "form": 2,
    "overrideColorRGB": [
        0.0,
        0.0,
        0.0
    ],
    "overrideColor": 0,
    "shape": "teardropShape",
    "overrideEnabled": false,
    "pivot": [
        0.0,
        0.0,
        0.0
    ],
    "degree": 3,
    "overrideRGBColors": false,
    "name": "teardrop",
    "cvs": [
        [
            3.171332270876648e-06,
            0.013010092415832213,
            -0.9556329431096288
        ],
        [
            3.4062999699483347e-16,
            0.013562360157001057,
            -1.0187122481355941
        ],
        [
            -3.171332270990192e-06,
            0.013010092415832213,
            -0.9556329431096288
        ],
        [
            -0.32279338008514336,
            -0.0011769921070735293,
            -0.39592842493076036
        ],
        [
            -0.7656273572582574,
            -0.0035307421029294214,
            -0.12708615355495814
        ],
        [
            -0.8287090798268151,
            -0.006307179528335943,
            0.19003492773792519
        ],
        [
            -0.7656273572582574,
            -0.009083616953742253,
            0.507156009030808
        ],
        [
            -0.5859858099764066,
            -0.011437366949598246,
            0.775998280406614
        ],
        [
            -0.3171332351002414,
            -0.013010092415831691,
            0.9556329431096259
        ],
        [
            2.270866646632219e-16,
            -0.013562360157000991,
            1.0187122481355941
        ],
        [
            0.3171332351002416,
            -0.013010092415831691,
            0.9556329431096259
        ],
        [
            0.5859858099764066,
            -0.011437366949598246,
            0.7759982804066137
        ],
        [
            0.7656273572582578,
            -0.009083616953742189,
            0.5071560090308079
        ],
        [
            0.8287090798268151,
            -0.006307179528335943,
            0.19003492773792502
        ],
        [
            0.7656273572582578,
            -0.0035307421029293112,
            -0.1270861535549585
        ],
        [
            0.32279338008514336,
            -0.0011769921070734148,
            -0.3959284249307604
        ]
    ],
    "xform": [
        1.0,
        0.0,
        0.0,
        0.0,
        0.0,
        1.0,
        0.0,
        0.0,
        0.0,
        0.0,
        1.0,
        0.0,
        12.0,
        0.0,
        -3.0,
        1.0
    ]
}
